Country/Region,month,value
Afghanistan,January,7535
Afghanistan,February,11429
Afghanistan,March,4989
Afghanistan,April,6084
Afghanistan,May,26914
Afghanistan,June,65063
Afghanistan,July,33678
Afghanistan,August,7686
Afghanistan,September,3060
Afghanistan,October,3056
Afghanistan,November,5920
Afghanistan,December,6910
Albania,January,68130
Albania,February,42060
Albania,March,20347
Albania,April,7888
Albania,May,2588
Albania,June,4670
Albania,July,3301
Albania,August,17543
Albania,September,27880
Albania,October,22395
Albania,November,31952
Albania,December,30413
Algeria,January,41414
Algeria,February,18573
Algeria,March,5550
Algeria,April,8315
Algeria,May,12297
Algeria,June,15404
Algeria,July,48253
Algeria,August,38788
Algeria,September,14315
Algeria,October,9505
Algeria,November,29336
Algeria,December,24312
Andorra,January,14106
Andorra,February,2970
Andorra,March,3545
Andorra,April,2916
Andorra,May,2059
Andorra,June,1155
Andorra,July,837
Andorra,August,606
Andorra,September,1063
Andorra,October,3000
Andorra,November,3588
Andorra,December,7929
Angola,January,18766
Angola,February,1636
Angola,March,1939
Angola,April,4479
Angola,May,8432
Angola,June,6055
Angola,July,4792
Angola,August,6273
Angola,September,11357
Angola,October,13683
Angola,November,5069
Angola,December,18839
Antarctica,January,0
Antarctica,February,0
Antarctica,March,0
Antarctica,April,0
Antarctica,May,0
Antarctica,June,0
Antarctica,July,0
Antarctica,August,0
Antarctica,September,0
Antarctica,October,0
Antarctica,November,0
Antarctica,December,11
Antigua and Barbuda,January,2419
Antigua and Barbuda,February,1306
Antigua and Barbuda,March,467
Antigua and Barbuda,April,248
Antigua and Barbuda,May,657
Antigua and Barbuda,June,418
Antigua and Barbuda,July,62
Antigua and Barbuda,August,415
Antigua and Barbuda,September,1523
Antigua and Barbuda,October,854
Antigua and Barbuda,November,96
Antigua and Barbuda,December,160
Argentina,January,3025973
Argentina,February,702126
Argentina,March,379765
Argentina,April,666235
Argentina,May,975187
Argentina,June,872868
Argentina,July,586162
Argentina,August,482289
Argentina,September,404548
Argentina,October,447828
Argentina,November,299550
Argentina,December,524641
Armenia,January,30482
Armenia,February,57069
Armenia,March,23800
Armenia,April,25307
Armenia,May,13918
Armenia,June,18965
Armenia,July,18023
Armenia,August,17256
Armenia,September,26140
Armenia,October,86083
Armenia,November,75503
Armenia,December,30697
Australia,January,2155292
Australia,February,654807
Australia,March,1342927
Australia,April,1382772
Australia,May,1360009
Australia,June,770701
Australia,July,13100
Australia,August,29249
Australia,September,53365
Australia,October,65348
Australia,November,39942
Australia,December,214354
Austria,January,618014
Austria,February,879084
Austria,March,1264642
Austria,April,413101
Austria,May,142770
Austria,June,152002
Austria,July,11551
Austria,August,34635
Austria,September,72182
Austria,October,141794
Austria,November,502685
Austria,December,200462
Azerbaijan,January,53042
Azerbaijan,February,131518
Azerbaijan,March,33736
Azerbaijan,April,59532
Azerbaijan,May,18742
Azerbaijan,June,14530
Azerbaijan,July,22156
Azerbaijan,August,85599
Azerbaijan,September,62805
Azerbaijan,October,62508
Azerbaijan,November,122855
Azerbaijan,December,126153
Bahamas,January,8389
Bahamas,February,918
Bahamas,March,762
Bahamas,April,1676
Bahamas,May,2565
Bahamas,June,1935
Bahamas,July,2724
Bahamas,August,4942
Bahamas,September,4751
Bahamas,October,3958
Bahamas,November,1267
Bahamas,December,2015
Bahrain,January,102895
Bahrain,February,159686
Bahrain,March,62163
Bahrain,April,49199
Bahrain,May,88914
Bahrain,June,77252
Bahrain,July,17583
Bahrain,August,14344
Bahrain,September,21409
Bahrain,October,12553
Bahrain,November,6172
Bahrain,December,10091
Bangladesh,January,234923
Bangladesh,February,155821
Bangladesh,March,73130
Bangladesh,April,156567
Bangladesh,May,81710
Bangladesh,June,226902
Bangladesh,July,428404
Bangladesh,August,326469
Bangladesh,September,105776
Bangladesh,October,57833
Bangladesh,November,63993
Bangladesh,December,57833
Barbados,January,17027
Barbados,February,12258
Barbados,March,4725
Barbados,April,11058
Barbados,May,10747
Barbados,June,3390
Barbados,July,322
Barbados,August,706
Barbados,September,3365
Barbados,October,9429
Barbados,November,7592
Barbados,December,3356
Belarus,January,97895
Belarus,February,215754
Belarus,March,77623
Belarus,April,68444
Belarus,May,66752
Belarus,June,42312
Belarus,July,34541
Belarus,August,39527
Belarus,September,63342
Belarus,October,81933
Belarus,November,92715
Belarus,December,102029
Belgium,January,1113553
Belgium,February,463434
Belgium,March,417450
Belgium,April,348920
Belgium,May,177744
Belgium,June,98840
Belgium,July,46908
Belgium,August,76434
Belgium,September,93506
Belgium,October,426473
Belgium,November,553501
Belgium,December,408459
Belize,January,18779
Belize,February,6592
Belize,March,752
Belize,April,444
Belize,May,2009
Belize,June,4655
Belize,July,936
Belize,August,3149
Belize,September,5433
Belize,October,7492
Belize,November,6000
Belize,December,7331
Benin,January,2157
Benin,February,1658
Benin,March,2060
Benin,April,776
Benin,May,405
Benin,June,1278
Benin,July,801
Benin,August,5312
Benin,September,10736
Benin,October,1145
Benin,November,473
Benin,December,321
Bhutan,January,2420
Bhutan,February,7819
Bhutan,March,15409
Bhutan,April,31266
Bhutan,May,1047
Bhutan,June,615
Bhutan,July,439
Bhutan,August,205
Bhutan,September,62
Bhutan,October,87
Bhutan,November,80
Bhutan,December,280
Bolivia,January,312663
Bolivia,February,69865
Bolivia,March,32056
Bolivia,April,35412
Bolivia,May,80250
Bolivia,June,104841
Bolivia,July,77452
Bolivia,August,57182
Bolivia,September,28279
Bolivia,October,19585
Bolivia,November,26926
Bolivia,December,77610
Bosnia and Herzegovina,January,66666
Bosnia and Herzegovina,February,33217
Bosnia and Herzegovina,March,43305
Bosnia and Herzegovina,April,31819
Bosnia and Herzegovina,May,7121
Bosnia and Herzegovina,June,3626
Bosnia and Herzegovina,July,8056
Bosnia and Herzegovina,August,16286
Bosnia and Herzegovina,September,28427
Bosnia and Herzegovina,October,40604
Bosnia and Herzegovina,November,60118
Bosnia and Herzegovina,December,39332
Botswana,January,40015
Botswana,February,17992
Botswana,March,53057
Botswana,April,7563
Botswana,May,10193
Botswana,June,28741
Botswana,July,37587
Botswana,August,51066
Botswana,September,23832
Botswana,October,10844
Botswana,November,12574
Botswana,December,28504
Brazil,January,4699180
Brazil,February,4682613
Brazil,March,3366115
Brazil,April,2489748
Brazil,May,2882536
Brazil,June,4096856
Brazil,July,2609632
Brazil,August,2107428
Brazil,September,1549702
Brazil,October,1102661
Brazil,November,1089720
Brazil,December,1530763
Brunei,January,1029
Brunei,February,47072
Brunei,March,71025
Brunei,April,7459
Brunei,May,6845
Brunei,June,13655
Brunei,July,77
Brunei,August,2378
Brunei,September,4406
Brunei,October,6016
Brunei,November,1930
Brunei,December,419
Bulgaria,January,221339
Bulgaria,February,167604
Bulgaria,March,143638
Bulgaria,April,80660
Bulgaria,May,23642
Bulgaria,June,11796
Bulgaria,July,9926
Bulgaria,August,35264
Bulgaria,September,50987
Bulgaria,October,132341
Bulgaria,November,185021
Bulgaria,December,109017
Burkina Faso,January,6967
Burkina Faso,February,1427
Burkina Faso,March,1098
Burkina Faso,April,989
Burkina Faso,May,360
Burkina Faso,June,305
Burkina Faso,July,238
Burkina Faso,August,466
Burkina Faso,September,1154
Burkina Faso,October,994
Burkina Faso,November,1593
Burkina Faso,December,5453
Burma,January,20213
Burma,February,54110
Burma,March,24249
Burma,April,1815
Burma,May,1338
Burma,June,13964
Burma,July,141962
Burma,August,100626
Burma,September,77285
Burma,October,75330
Burma,November,60336
Burma,December,42349
Burundi,January,10880
Burundi,February,1272
Burundi,March,985
Burundi,April,2683
Burundi,May,2883
Burundi,June,1277
Burundi,July,1845
Burundi,August,4972
Burundi,September,5797
Burundi,October,2388
Burundi,November,479
Burundi,December,7081
Cabo Verde,January,16193
Cabo Verde,February,1521
Cabo Verde,March,2142
Cabo Verde,April,6597
Cabo Verde,May,7173
Cabo Verde,June,6019
Cabo Verde,July,2558
Cabo Verde,August,2996
Cabo Verde,September,4362
Cabo Verde,October,3408
Cabo Verde,November,2123
Cabo Verde,December,4441
Cambodia,January,951
Cambodia,February,9275
Cambodia,March,7077
Cambodia,April,11601
Cambodia,May,16706
Cambodia,June,20307
Cambodia,July,26956
Cambodia,August,15847
Cambodia,September,19599
Cambodia,October,5885
Cambodia,November,1647
Cambodia,December,411
Cameroon,January,10691
Cameroon,February,8619
Cameroon,March,12452
Cameroon,April,26456
Cameroon,May,10918
Cameroon,June,8738
Cameroon,July,5869
Cameroon,August,3248
Cameroon,September,10574
Cameroon,October,11151
Cameroon,November,6947
Cameroon,December,4405
Canada,January,1042590
Canada,February,315886
Canada,March,318828
Canada,April,562172
Canada,May,310491
Canada,June,105898
Canada,July,27497
Canada,August,82031
Canada,September,157702
Canada,October,166424
Canada,November,223653
Canada,December,632321
Central African Republic,January,1774
Central African Republic,February,329
Central African Republic,March,584
Central African Republic,April,1297
Central African Republic,May,1641
Central African Republic,June,2784
Central African Republic,July,873
Central African Republic,August,4248
Central African Republic,September,193
Central African Republic,October,184
Central African Republic,November,237
Central African Republic,December,505
Chad,January,2715
Chad,February,697
Chad,March,622
Chad,April,451
Chad,May,825
Chad,June,116
Chad,July,92
Chad,August,96
Chad,September,233
Chad,October,314
Chad,November,243
Chad,December,1021
Chile,January,477626
Chile,February,992553
Chile,March,583672
Chile,April,305260
Chile,May,436259
Chile,June,597749
Chile,July,136143
Chile,August,78963
Chile,September,66854
Chile,October,88049
Chile,November,109190
Chile,December,100973
China,January,20959
China,February,336948
China,March,990468
China,April,634352
China,May,82724
China,June,35455
China,July,4953
China,August,5419
China,September,3002
China,October,3287
China,November,4334
China,December,7584
Colombia,January,1181930
Colombia,February,334128
Colombia,March,175926
Colombia,April,466699
Colombia,May,580396
Colombia,June,950888
Colombia,July,742000
Colombia,August,443352
Colombia,September,262776
Colombia,October,289615
Colombia,November,309879
Colombia,December,413765
Comoros,January,3220
Comoros,February,1046
Comoros,March,178
Comoros,April,158
Comoros,May,167
Comoros,June,271
Comoros,July,167
Comoros,August,85
Comoros,September,129
Comoros,October,184
Comoros,November,308
Comoros,December,2226
Congo (Brazzaville),January,4396
Congo (Brazzaville),February,1248
Congo (Brazzaville),March,931
Congo (Brazzaville),April,1206
Congo (Brazzaville),May,1371
Congo (Brazzaville),June,1463
Congo (Brazzaville),July,2703
Congo (Brazzaville),August,1181
Congo (Brazzaville),September,1766
Congo (Brazzaville),October,3280
Congo (Brazzaville),November,2131
Congo (Brazzaville),December,2452
Congo (Kinshasa),January,15699
Congo (Kinshasa),February,3781
Congo (Kinshasa),March,3057
Congo (Kinshasa),April,2460
Congo (Kinshasa),May,5647
Congo (Kinshasa),June,15862
Congo (Kinshasa),July,11112
Congo (Kinshasa),August,5973
Congo (Kinshasa),September,2636
Congo (Kinshasa),October,1180
Congo (Kinshasa),November,2230
Congo (Kinshasa),December,21445
Costa Rica,January,148264
Costa Rica,February,123128
Costa Rica,March,44379
Costa Rica,April,48136
Costa Rica,May,107296
Costa Rica,June,65251
Costa Rica,July,53237
Costa Rica,August,80379
Costa Rica,September,102932
Costa Rica,October,61724
Costa Rica,November,36808
Costa Rica,December,33400
Cote d'Ivoire,January,15623
Cote d'Ivoire,February,5120
Cote d'Ivoire,March,11572
Cote d'Ivoire,April,3432
Cote d'Ivoire,May,3099
Cote d'Ivoire,June,8513
Cote d'Ivoire,July,8378
Cote d'Ivoire,August,7554
Cote d'Ivoire,September,6241
Cote d'Ivoire,October,2036
Cote d'Ivoire,November,1042
Cote d'Ivoire,December,10439
Croatia,January,243511
Croatia,February,128180
Croatia,March,73902
Croatia,April,85043
Croatia,May,38209
Croatia,June,13905
Croatia,July,6105
Croatia,August,15513
Croatia,September,37116
Croatia,October,98281
Croatia,November,216983
Croatia,December,189435
Cuba,January,93609
Cuba,February,48165
Cuba,March,46093
Cuba,April,45415
Cuba,May,38481
Cuba,June,49682
Cuba,July,193870
Cuba,August,269683
Cuba,September,226138
Cuba,October,75863
Cuba,November,11882
Cuba,December,7097
Cyprus,January,98800
Cyprus,February,69478
Cyprus,March,119610
Cyprus,April,70204
Cyprus,May,17124
Cyprus,June,17876
Cyprus,July,26462
Cyprus,August,12787
Cyprus,September,5089
Cyprus,October,6348
Cyprus,November,16622
Cyprus,December,44317
Czechia,January,803838
Czechia,February,811580
Czechia,March,547867
Czechia,April,185866
Czechia,May,47298
Czechia,June,19987
Czechia,July,10909
Czechia,August,13657
Czechia,September,58445
Czechia,October,335752
Czechia,November,575336
Czechia,December,521050
Denmark,January,997169
Denmark,February,1050629
Denmark,March,317050
Denmark,April,84153
Denmark,May,53490
Denmark,June,43988
Denmark,July,24466
Denmark,August,32501
Denmark,September,24591
Denmark,October,48561
Denmark,November,135895
Denmark,December,401403
Diamond Princess,January,0
Diamond Princess,February,705
Diamond Princess,March,7
Diamond Princess,April,0
Diamond Princess,May,0
Diamond Princess,June,0
Diamond Princess,July,0
Diamond Princess,August,0
Diamond Princess,September,0
Diamond Princess,October,0
Diamond Princess,November,0
Diamond Princess,December,0
Djibouti,January,1909
Djibouti,February,217
Djibouti,March,2006
Djibouti,April,4181
Djibouti,May,2762
Djibouti,June,1412
Djibouti,July,451
Djibouti,August,402
Djibouti,September,1090
Djibouti,October,812
Djibouti,November,144
Djibouti,December,304
Dominica,January,2247
Dominica,February,2101
Dominica,March,782
Dominica,April,191
Dominica,May,2165
Dominica,June,675
Dominica,July,17
Dominica,August,1430
Dominica,September,1853
Dominica,October,1362
Dominica,November,1240
Dominica,December,789
Dominican Republic,January,179742
Dominican Republic,February,44868
Dominican Republic,March,17683
Dominican Republic,April,20925
Dominican Republic,May,41319
Dominican Republic,June,66945
Dominican Republic,July,53765
Dominican Republic,August,33334
Dominican Republic,September,26368
Dominican Republic,October,37429
Dominican Republic,November,42554
Dominican Republic,December,38324
Ecuador,January,220936
Ecuador,February,131049
Ecuador,March,76970
Ecuador,April,85607
Ecuador,May,65925
Ecuador,June,74258
Ecuador,July,57791
Ecuador,August,42783
Ecuador,September,31714
Ecuador,October,38230
Ecuador,November,34564
Ecuador,December,41912
Egypt,January,68225
Egypt,February,74334
Egypt,March,41909
Egypt,April,40629
Egypt,May,54546
Egypt,June,61958
Egypt,July,28747
Egypt,August,9040
Egypt,September,20342
Egypt,October,30850
Egypt,November,35917
Egypt,December,49148
El Salvador,January,21888
El Salvador,February,26470
El Salvador,March,9265
El Salvador,April,5872
El Salvador,May,7292
El Salvador,June,15876
El Salvador,July,18048
El Salvador,August,16537
El Salvador,September,13636
El Salvador,October,13823
El Salvador,November,11496
El Salvador,December,9443
Equatorial Guinea,January,2331
Equatorial Guinea,February,571
Equatorial Guinea,March,1037
Equatorial Guinea,April,990
Equatorial Guinea,May,1840
Equatorial Guinea,June,1013
Equatorial Guinea,July,2966
Equatorial Guinea,August,717
Equatorial Guinea,September,2974
Equatorial Guinea,October,1064
Equatorial Guinea,November,289
Equatorial Guinea,December,242
Eritrea,January,2340
Eritrea,February,877
Eritrea,March,480
Eritrea,April,416
Eritrea,May,448
Eritrea,June,2116
Eritrea,July,614
Eritrea,August,135
Eritrea,September,136
Eritrea,October,200
Eritrea,November,638
Eritrea,December,1396
Estonia,January,112353
Estonia,February,178280
Estonia,March,103442
Estonia,April,32428
Estonia,May,12382
Estonia,June,4881
Estonia,July,2568
Estonia,August,8710
Estonia,September,15297
Estonia,October,39246
Estonia,November,36018
Estonia,December,34506
Eswatini,January,8611
Eswatini,February,2096
Eswatini,March,943
Eswatini,April,2084
Eswatini,May,2189
Eswatini,June,1597
Eswatini,July,8731
Eswatini,August,19321
Eswatini,September,3458
Eswatini,October,932
Eswatini,November,737
Eswatini,December,22392
Ethiopia,January,58202
Ethiopia,February,24991
Ethiopia,March,48574
Ethiopia,April,51768
Ethiopia,May,17315
Ethiopia,June,24672
Ethiopia,July,15875
Ethiopia,August,62370
Ethiopia,September,60777
Ethiopia,October,40294
Ethiopia,November,20274
Ethiopia,December,62996
Fiji,January,9529
Fiji,February,1079
Fiji,March,487
Fiji,April,293
Fiji,May,694
Fiji,June,4531
Fiji,July,25372
Fiji,August,16936
Fiji,September,4311
Fiji,October,1120
Fiji,November,373
Fiji,December,833
Finland,January,228166
Finland,February,160443
Finland,March,267531
Finland,April,152089
Finland,May,76402
Finland,June,44983
Finland,July,11657
Finland,August,21252
Finland,September,16172
Finland,October,23519
Finland,November,38043
Finland,December,93340
France,January,9767052
France,February,4171219
France,March,3866926
France,April,4121945
France,May,949169
France,June,1436992
France,July,376213
France,August,738322
France,September,555739
France,October,971002
France,November,1372482
France,December,2700038
Gabon,January,6304
Gabon,February,4434
Gabon,March,5043
Gabon,April,3803
Gabon,May,3781
Gabon,June,3468
Gabon,July,2358
Gabon,August,1685
Gabon,September,4500
Gabon,October,5572
Gabon,November,2063
Gabon,December,4813
Gambia,January,1965
Gambia,February,719
Gambia,March,800
Gambia,April,453
Gambia,May,116
Gambia,June,110
Gambia,July,2079
Gambia,August,4454
Gambia,September,852
Gambia,October,124
Gambia,November,94
Gambia,December,236
Georgia,January,271873
Georgia,February,442197
Georgia,March,53904
Georgia,April,35812
Georgia,May,35953
Georgia,June,24477
Georgia,July,53696
Georgia,August,130596
Georgia,September,67906
Georgia,October,138979
Georgia,November,223044
Georgia,December,180934
Germany,January,3161742
Germany,February,5155608
Germany,March,7040372
Germany,April,4122620
Germany,May,1873060
Germany,June,1747029
Germany,July,55463
Germany,August,207374
Germany,September,331483
Germany,October,599583
Germany,November,1774379
Germany,December,1979477
Ghana,January,26173
Ghana,February,19767
Ghana,March,8018
Ghana,April,4094
Ghana,May,7529
Ghana,June,16066
Ghana,July,24865
Ghana,August,25214
Ghana,September,10374
Ghana,October,4024
Ghana,November,4455
Ghana,December,15170
Greece,January,747977
Greece,February,515088
Greece,March,682506
Greece,April,376272
Greece,May,186906
Greece,June,212302
Greece,July,71916
Greece,August,100500
Greece,September,75961
Greece,October,107179
Greece,November,262753
Greece,December,305529
Grenada,January,6176
Grenada,February,1354
Grenada,March,338
Grenada,April,633
Grenada,May,3125
Grenada,June,520
Grenada,July,4
Grenada,August,297
Grenada,September,4734
Grenada,October,649
Grenada,November,70
Grenada,December,370
Guatemala,January,83423
Guatemala,February,101739
Guatemala,March,71213
Guatemala,April,52070
Guatemala,May,45690
Guatemala,June,92473
Guatemala,July,106594
Guatemala,August,126078
Guatemala,September,107710
Guatemala,October,57450
Guatemala,November,30535
Guatemala,December,26325
Guinea,January,4939
Guinea,February,1677
Guinea,March,4000
Guinea,April,3870
Guinea,May,3388
Guinea,June,2331
Guinea,July,3835
Guinea,August,5914
Guinea,September,2153
Guinea,October,1662
Guinea,November,1164
Guinea,December,1884
Guinea-Bissau,January,1284
Guinea-Bissau,February,1043
Guinea-Bissau,March,544
Guinea-Bissau,April,334
Guinea-Bissau,May,1150
Guinea-Bissau,June,570
Guinea-Bissau,July,947
Guinea-Bissau,August,1544
Guinea-Bissau,September,427
Guinea-Bissau,October,116
Guinea-Bissau,November,334
Guinea-Bissau,December,55
Guyana,January,21625
Guyana,February,3976
Guyana,March,2008
Guyana,April,3324
Guyana,May,5030
Guyana,June,5653
Guyana,July,2636
Guyana,August,3918
Guyana,September,7867
Guyana,October,4989
Guyana,November,3570
Guyana,December,2625
Haiti,January,4766
Haiti,February,2022
Haiti,March,548
Haiti,April,502
Haiti,May,2931
Haiti,June,9126
Haiti,July,3046
Haiti,August,1650
Haiti,September,1282
Haiti,October,2627
Haiti,November,1433
Haiti,December,1537
Holy See,January,2
Holy See,February,0
Holy See,March,6
Holy See,April,5
Holy See,May,1
Holy See,June,0
Holy See,July,0
Holy See,August,0
Holy See,September,0
Holy See,October,15
Holy See,November,0
Holy See,December,0
Honduras,January,38488
Honduras,February,41799
Honduras,March,28730
Honduras,April,26037
Honduras,May,32517
Honduras,June,40397
Honduras,July,56807
Honduras,August,60646
Honduras,September,43123
Honduras,October,29375
Honduras,November,13843
Honduras,December,15117
Hungary,January,342062
Hungary,February,295152
Hungary,March,288653
Hungary,April,178344
Hungary,May,43051
Hungary,June,11175
Hungary,July,1713
Hungary,August,4480
Hungary,September,30690
Hungary,October,89574
Hungary,November,381490
Hungary,December,258699
Iceland,January,40862
Iceland,February,62219
Iceland,March,52837
Iceland,April,5117
Iceland,May,2825
Iceland,June,5787
Iceland,July,1371
Iceland,August,3052
Iceland,September,1633
Iceland,October,3828
Iceland,November,4929
Iceland,December,9527
India,January,7078822
India,February,1816179
India,March,1205548
India,April,7030183
India,May,9247465
India,June,2903975
India,July,2354697
India,August,3150199
India,September,3577280
India,October,2390605
India,November,1589689
India,December,1088703
Indonesia,January,425766
Indonesia,February,1467398
Indonesia,March,626976
Indonesia,April,199224
Indonesia,May,177867
Indonesia,June,415571
Indonesia,July,1283377
Indonesia,August,746563
Indonesia,September,237515
Indonesia,October,152334
Indonesia,November,140846
Indonesia,December,210626
Iran,January,371630
Iran,February,892018
Iran,March,409198
Iran,April,722981
Iran,May,481266
Iran,June,372739
Iran,July,742993
Iran,August,1192063
Iran,September,676984
Iran,October,493151
Iran,November,542105
Iran,December,340028
Iraq,January,141187
Iraq,February,168077
Iraq,March,172873
Iraq,April,221208
Iraq,May,143569
Iraq,June,202333
Iraq,July,356195
Iraq,August,371876
Iraq,September,243200
Iraq,October,161594
Iraq,November,105843
Iraq,December,55310
Ireland,January,499217
Ireland,February,140460
Ireland,March,178499
Ireland,April,88080
Ireland,May,62071
Ireland,June,36101
Ireland,July,29660
Ireland,August,54217
Ireland,September,44829
Ireland,October,80963
Ireland,November,135609
Ireland,December,237679
Israel,January,1736810
Israel,February,866312
Israel,March,346731
Israel,April,173434
Israel,May,64588
Israel,June,200878
Israel,July,78537
Israel,August,237506
Israel,September,346371
Israel,October,112178
Israel,November,39044
Israel,December,126343
Italy,January,5303301
Italy,February,2173079
Italy,March,2623816
Italy,April,2358271
Italy,May,1180912
Italy,June,971681
Italy,July,97078
Italy,August,211640
Italy,September,178011
Italy,October,464179
Italy,November,1178706
Italy,December,1602748
Jamaica,January,33418
Jamaica,February,11084
Jamaica,March,16781
Jamaica,April,7948
Jamaica,May,10431
Jamaica,June,7043
Jamaica,July,2947
Jamaica,August,16817
Jamaica,September,19629
Jamaica,October,7889
Jamaica,November,3904
Jamaica,December,4735
Japan,January,1161168
Japan,February,2309547
Japan,March,1594164
Japan,April,1445382
Japan,May,1123667
Japan,June,486518
Japan,July,144672
Japan,August,599897
Japan,September,225894
Japan,October,35015
Japan,November,51794
Japan,December,92585
Jordan,January,194265
Jordan,February,470634
Jordan,March,281538
Jordan,April,103235
Jordan,May,26639
Jordan,June,17523
Jordan,July,19369
Jordan,August,27255
Jordan,September,36584
Jordan,October,99404
Jordan,November,238225
Jordan,December,184526
Kazakhstan,January,287423
Kazakhstan,February,92248
Kazakhstan,March,38232
Kazakhstan,April,81817
Kazakhstan,May,75226
Kazakhstan,June,51928
Kazakhstan,July,218842
Kazakhstan,August,270418
Kazakhstan,September,109295
Kazakhstan,October,66414
Kazakhstan,November,59572
Kazakhstan,December,44179
Kenya,January,30668
Kenya,February,6765
Kenya,March,28621
Kenya,April,25947
Kenya,May,14186
Kenya,June,25752
Kenya,July,33322
Kenya,August,46215
Kenya,September,17899
Kenya,October,20539
Kenya,November,30204
Kenya,December,52780
Kiribati,January,458
Kiribati,February,2454
Kiribati,March,152
Kiribati,April,15
Kiribati,May,19
Kiribati,June,138
Kiribati,July,0
Kiribati,August,0
Kiribati,September,0
Kiribati,October,0
Kiribati,November,0
Kiribati,December,0
"Korea, North",January,0
"Korea, North",February,0
"Korea, North",March,0
"Korea, North",April,0
"Korea, North",May,1
"Korea, North",June,0
"Korea, North",July,0
"Korea, North",August,0
"Korea, North",September,0
"Korea, North",October,0
"Korea, North",November,0
"Korea, North",December,0
"Korea, South",January,245538
"Korea, South",February,2424069
"Korea, South",March,10122613
"Korea, South",April,3919814
"Korea, South",May,862660
"Korea, South",June,248612
"Korea, South",July,43550
"Korea, South",August,59504
"Korea, South",September,64035
"Korea, South",October,55359
"Korea, South",November,93981
"Korea, South",December,210020
Kosovo,January,53528
Kosovo,February,28543
Kosovo,March,22059
Kosovo,April,15752
Kosovo,May,3921
Kosovo,June,2999
Kosovo,July,6138
Kosovo,August,41745
Kosovo,September,17252
Kosovo,October,4398
Kosovo,November,20597
Kosovo,December,11941
Kuwait,January,143255
Kuwait,February,99817
Kuwait,March,50579
Kuwait,April,48054
Kuwait,May,60066
Kuwait,June,76396
Kuwait,July,61906
Kuwait,August,30181
Kuwait,September,21868
Kuwait,October,21767
Kuwait,November,17393
Kuwait,December,11722
Kyrgyzstan,January,17181
Kyrgyzstan,February,3874
Kyrgyzstan,March,2802
Kyrgyzstan,April,7433
Kyrgyzstan,May,10457
Kyrgyzstan,June,24092
Kyrgyzstan,July,68188
Kyrgyzstan,August,20935
Kyrgyzstan,September,5569
Kyrgyzstan,October,14936
Kyrgyzstan,November,16392
Kyrgyzstan,December,9194
Laos,January,22796
Laos,February,8891
Laos,March,34168
Laos,April,31289
Laos,May,3675
Laos,June,478
Laos,July,4179
Laos,August,8718
Laos,September,8832
Laos,October,16426
Laos,November,33482
Laos,December,37324
Latvia,January,141427
Latvia,February,280301
Latvia,March,162350
Latvia,April,39773
Latvia,May,21450
Latvia,June,10203
Latvia,July,1547
Latvia,August,3939
Latvia,September,16082
Latvia,October,64918
Latvia,November,45701
Latvia,December,46844
Lebanon,January,312827
Lebanon,February,221504
Lebanon,March,117263
Lebanon,April,63231
Lebanon,May,16549
Lebanon,June,15260
Lebanon,July,19291
Lebanon,August,53639
Lebanon,September,44290
Lebanon,October,59388
Lebanon,November,75348
Lebanon,December,110833
Lesotho,January,9338
Lesotho,February,2263
Lesotho,March,513
Lesotho,April,130
Lesotho,May,445
Lesotho,June,1118
Lesotho,July,2141
Lesotho,August,1968
Lesotho,September,510
Lesotho,October,7598
Lesotho,November,300
Lesotho,December,7614
Liberia,January,1133
Liberia,February,183
Liberia,March,62
Liberia,April,218
Liberia,May,241
Liberia,June,2248
Liberia,July,1915
Liberia,August,312
Liberia,September,241
Liberia,October,100
Liberia,November,184
Liberia,December,656
Libya,January,59286
Libya,February,79487
Libya,March,32888
Libya,April,18801
Libya,May,8475
Libya,June,8488
Libya,July,58437
Libya,August,70203
Libya,September,51671
Libya,October,43824
Libya,November,37012
Libya,December,33566
Liechtenstein,January,3141
Liechtenstein,February,3156
Liechtenstein,March,4551
Liechtenstein,April,1089
Liechtenstein,May,366
Liechtenstein,June,419
Liechtenstein,July,62
Liechtenstein,August,223
Liechtenstein,September,178
Liechtenstein,October,561
Liechtenstein,November,1752
Liechtenstein,December,2362
Lithuania,January,220127
Lithuania,February,275430
Lithuania,March,162241
Lithuania,April,71485
Lithuania,May,32516
Lithuania,June,9813
Lithuania,July,4312
Lithuania,August,17112
Lithuania,September,34986
Lithuania,October,89196
Lithuania,November,109707
Lithuania,December,133264
Luxembourg,January,58192
Luxembourg,February,29915
Luxembourg,March,41363
Luxembourg,April,29194
Luxembourg,May,13040
Luxembourg,June,14364
Luxembourg,July,5479
Luxembourg,August,1820
Luxembourg,September,4343
Luxembourg,October,12089
Luxembourg,November,25042
Luxembourg,December,26322
MS Zaandam,January,0
MS Zaandam,February,0
MS Zaandam,March,2
MS Zaandam,April,7
MS Zaandam,May,0
MS Zaandam,June,0
MS Zaandam,July,0
MS Zaandam,August,0
MS Zaandam,September,0
MS Zaandam,October,0
MS Zaandam,November,0
MS Zaandam,December,0
Madagascar,January,10391
Madagascar,February,5106
Madagascar,March,5002
Madagascar,April,12802
Madagascar,May,5196
Madagascar,June,3321
Madagascar,July,9101
Madagascar,August,4201
Madagascar,September,1574
Madagascar,October,1431
Madagascar,November,934
Madagascar,December,6322
Malawi,January,26780
Malawi,February,8846
Malawi,March,1907
Malawi,April,705
Malawi,May,711
Malawi,June,3191
Malawi,July,19075
Malawi,August,9635
Malawi,September,1293
Malawi,October,373
Malawi,November,218
Malawi,December,13714
Malaysia,January,214629
Malaysia,February,657792
Malaysia,March,806668
Malaysia,April,312534
Malaysia,May,223967
Malaysia,June,234515
Malaysia,July,361630
Malaysia,August,633346
Malaysia,September,501325
Malaysia,October,246271
Malaysia,November,195289
Malaysia,December,172617
Maldives,January,45264
Maldives,February,35264
Maldives,March,11112
Maldives,April,8377
Maldives,May,36448
Maldives,June,11823
Maldives,July,5066
Maldives,August,7691
Maldives,September,6184
Maldives,October,4197
Maldives,November,5364
Maldives,December,4796
Mali,January,10045
Mali,February,614
Mali,March,1797
Mali,April,4627
Mali,May,1448
Mali,June,1138
Mali,July,512
Mali,August,546
Mali,September,672
Mali,October,1290
Mali,November,2517
Mali,December,5954
Malta,January,20373
Malta,February,8137
Malta,March,14984
Malta,April,13757
Malta,May,3397
Malta,June,7421
Malta,July,3826
Malta,August,2935
Malta,September,2153
Malta,October,3488
Malta,November,5613
Malta,December,15939
Marshall Islands,January,3
Marshall Islands,February,0
Marshall Islands,March,0
Marshall Islands,April,10
Marshall Islands,May,0
Marshall Islands,June,1
Marshall Islands,July,0
Marshall Islands,August,0
Marshall Islands,September,0
Marshall Islands,October,2
Marshall Islands,November,2
Marshall Islands,December,0
Mauritania,January,19041
Mauritania,February,962
Mauritania,March,682
Mauritania,April,576
Mauritania,May,2120
Mauritania,June,5522
Mauritania,July,6830
Mauritania,August,8627
Mauritania,September,2904
Mauritania,October,1491
Mauritania,November,2844
Mauritania,December,7970
Mauritius,January,37496
Mauritius,February,61751
Mauritius,March,43177
Mauritius,April,10451
Mauritius,May,5726
Mauritius,June,4110
Mauritius,July,2319
Mauritius,August,6473
Mauritius,September,5045
Mauritius,October,7217
Mauritius,November,32845
Mauritius,December,12869
Mexico,January,1401033
Mexico,February,788721
Mexico,March,304066
Mexico,April,204022
Mexico,May,176724
Mexico,June,451892
Mexico,July,527531
Mexico,August,679081
Mexico,September,455469
Mexico,October,324734
Mexico,November,265936
Mexico,December,407708
Micronesia,January,1
Micronesia,February,0
Micronesia,March,0
Micronesia,April,4
Micronesia,May,25
Micronesia,June,8
Micronesia,July,0
Micronesia,August,0
Micronesia,September,0
Micronesia,October,0
Micronesia,November,0
Micronesia,December,0
Moldova,January,79529
Moldova,February,86751
Moldova,March,56783
Moldova,April,27684
Moldova,May,10510
Moldova,June,11285
Moldova,July,10864
Moldova,August,20235
Moldova,September,42988
Moldova,October,66374
Moldova,November,57330
Moldova,December,49835
Monaco,January,3812
Monaco,February,1644
Monaco,March,1782
Monaco,April,1221
Monaco,May,500
Monaco,June,748
Monaco,July,329
Monaco,August,346
Monaco,September,177
Monaco,October,241
Monaco,November,574
Monaco,December,1513
Mongolia,January,149811
Mongolia,February,67437
Mongolia,March,16262
Mongolia,April,29362
Mongolia,May,27003
Mongolia,June,60020
Mongolia,July,49740
Mongolia,August,48878
Mongolia,September,168494
Mongolia,October,208330
Mongolia,November,78046
Mongolia,December,24630
Montenegro,January,63153
Montenegro,February,24607
Montenegro,March,18388
Montenegro,April,8510
Montenegro,May,4231
Montenegro,June,3182
Montenegro,July,4200
Montenegro,August,15220
Montenegro,September,22051
Montenegro,October,20384
Montenegro,November,29986
Montenegro,December,25640
Morocco,January,201588
Morocco,February,40756
Morocco,March,15359
Morocco,April,20637
Morocco,May,14701
Morocco,June,57870
Morocco,July,103956
Morocco,August,275688
Morocco,September,133186
Morocco,October,108505
Morocco,November,141024
Morocco,December,96032
Mozambique,January,54759
Mozambique,February,21916
Mozambique,March,8446
Mozambique,April,2534
Mozambique,May,1426
Mozambique,June,8215
Mozambique,July,46599
Mozambique,August,26340
Mozambique,September,9219
Mozambique,October,4710
Mozambique,November,3088
Mozambique,December,40473
Namibia,January,17928
Namibia,February,6227
Namibia,March,5726
Namibia,April,5220
Namibia,May,14920
Namibia,June,37262
Namibia,July,30929
Namibia,August,11545
Namibia,September,6258
Namibia,October,3008
Namibia,November,1705
Namibia,December,28348
Nepal,January,135849
Nepal,February,26255
Nepal,March,4612
Nepal,April,46314
Nepal,May,239960
Nepal,June,89962
Nepal,July,62791
Nepal,August,86947
Nepal,September,70771
Nepal,October,110435
Nepal,November,71505
Nepal,December,34206
Netherlands,January,1604710
Netherlands,February,1938754
Netherlands,March,1707439
Netherlands,April,448139
Netherlands,May,198712
Netherlands,June,128381
Netherlands,July,188551
Netherlands,August,100293
Netherlands,September,119421
Netherlands,October,373625
Netherlands,November,692940
Netherlands,December,776322
New Zealand,January,2644
New Zealand,February,102275
New Zealand,March,556645
New Zealand,April,267974
New Zealand,May,234848
New Zealand,June,159915
New Zealand,July,165
New Zealand,August,886
New Zealand,September,818
New Zealand,October,2414
New Zealand,November,5229
New Zealand,December,2499
Nicaragua,January,281
Nicaragua,February,427
Nicaragua,March,499
Nicaragua,April,307
Nicaragua,May,1320
Nicaragua,June,2011
Nicaragua,July,2054
Nicaragua,August,1854
Nicaragua,September,2893
Nicaragua,October,1871
Nicaragua,November,669
Nicaragua,December,433
Niger,January,2441
Niger,February,325
Niger,March,335
Niger,April,1059
Niger,May,511
Niger,June,196
Niger,July,193
Niger,August,268
Niger,September,180
Niger,October,381
Niger,November,969
Niger,December,2173
Nigeria,January,55303
Nigeria,February,25795
Nigeria,March,8223
Nigeria,April,4317
Nigeria,May,9950
Nigeria,June,17562
Nigeria,July,23747
Nigeria,August,29380
Nigeria,September,18188
Nigeria,October,10187
Nigeria,November,6961
Nigeria,December,47345
North Macedonia,January,53216
North Macedonia,February,38456
North Macedonia,March,36280
North Macedonia,April,27073
North Macedonia,May,6031
North Macedonia,June,6292
North Macedonia,July,5116
North Macedonia,August,23701
North Macedonia,September,18550
North Macedonia,October,24739
North Macedonia,November,43339
North Macedonia,December,30915
Norway,January,400189
Norway,February,469166
Norway,March,193499
Norway,April,40041
Norway,May,20476
Norway,June,18822
Norway,July,6672
Norway,August,24089
Norway,September,32502
Norway,October,24153
Norway,November,76382
Norway,December,139833
Oman,January,38850
Oman,February,50540
Oman,March,24007
Oman,April,36974
Oman,May,33407
Oman,June,80725
Oman,July,66401
Oman,August,13006
Oman,September,14332
Oman,October,16371
Oman,November,9528
Oman,December,6103
Pakistan,January,198683
Pakistan,February,114796
Pakistan,March,108432
Pakistan,April,171567
Pakistan,May,154148
Pakistan,June,181285
Pakistan,July,141264
Pakistan,August,146395
Pakistan,September,99807
Pakistan,October,48186
Pakistan,November,78206
Pakistan,December,92375
Palau,January,1623
Palau,February,2148
Palau,March,243
Palau,April,586
Palau,May,455
Palau,June,155
Palau,July,0
Palau,August,2
Palau,September,3
Palau,October,3
Palau,November,0
Palau,December,2
Panama,January,274793
Panama,February,78910
Panama,March,24355
Panama,April,26760
Panama,May,102300
Panama,June,105412
Panama,July,63583
Panama,August,49558
Panama,September,29239
Panama,October,26554
Panama,November,37286
Panama,December,99162
Papua New Guinea,January,779
Papua New Guinea,February,4848
Papua New Guinea,March,6630
Papua New Guinea,April,5627
Papua New Guinea,May,5577
Papua New Guinea,June,1421
Papua New Guinea,July,680
Papua New Guinea,August,508
Papua New Guinea,September,2458
Papua New Guinea,October,9549
Papua New Guinea,November,5531
Papua New Guinea,December,1103
Paraguay,January,142856
Paraguay,February,83906
Paraguay,March,61891
Paraguay,April,66112
Paraguay,May,78233
Paraguay,June,74004
Paraguay,July,32223
Paraguay,August,18464
Paraguay,September,24535
Paraguay,October,23466
Paraguay,November,21291
Paraguay,December,28551
Peru,January,1050677
Peru,February,478478
Peru,March,255445
Peru,April,304411
Peru,May,299926
Peru,June,257174
Peru,July,181607
Peru,August,277872
Peru,September,190316
Peru,October,114903
Peru,November,96905
Peru,December,113087
Philippines,January,767778
Philippines,February,152531
Philippines,March,189265
Philippines,April,303974
Philippines,May,207377
Philippines,June,213424
Philippines,July,232246
Philippines,August,528357
Philippines,September,650984
Philippines,October,306345
Philippines,November,96359
Philippines,December,53679
Poland,January,996446
Poland,February,974501
Poland,March,912919
Poland,April,514574
Poland,May,102120
Poland,June,24511
Poland,July,14322
Poland,August,27415
Poland,September,42543
Poland,October,389393
Poland,November,1142894
Poland,December,872221
Portugal,January,1606359
Portugal,February,776481
Portugal,March,381920
Portugal,April,321138
Portugal,May,675389
Portugal,June,511383
Portugal,July,98005
Portugal,August,76236
Portugal,September,48882
Portugal,October,87109
Portugal,November,213380
Portugal,December,358014
Qatar,January,96120
Qatar,February,30165
Qatar,March,21513
Qatar,April,41503
Qatar,May,59493
Qatar,June,56272
Qatar,July,18775
Qatar,August,14588
Qatar,September,10881
Qatar,October,9400
Qatar,November,10477
Qatar,December,12082
Romania,January,504114
Romania,February,590213
Romania,March,273137
Romania,April,152763
Romania,May,44808
Romania,June,21034
Romania,July,26313
Romania,August,52230
Romania,September,174935
Romania,October,528130
Romania,November,365659
Romania,December,186125
Russia,January,2030964
Russia,February,4881282
Russia,March,1719684
Russia,April,694762
Russia,May,708791
Russia,June,768453
Russia,July,927187
Russia,August,789389
Russia,September,758804
Russia,October,1412348
Russia,November,1760325
Russia,December,1703176
Rwanda,January,24026
Rwanda,February,4157
Rwanda,March,3228
Rwanda,April,3585
Rwanda,May,2225
Rwanda,June,13584
Rwanda,July,32648
Rwanda,August,18970
Rwanda,September,10667
Rwanda,October,2478
Rwanda,November,1448
Rwanda,December,13886
Saint Kitts and Nevis,January,2428
Saint Kitts and Nevis,February,112
Saint Kitts and Nevis,March,30
Saint Kitts and Nevis,April,20
Saint Kitts and Nevis,May,191
Saint Kitts and Nevis,June,641
Saint Kitts and Nevis,July,149
Saint Kitts and Nevis,August,498
Saint Kitts and Nevis,September,829
Saint Kitts and Nevis,October,751
Saint Kitts and Nevis,November,120
Saint Kitts and Nevis,December,223
Saint Lucia,January,8214
Saint Lucia,February,3947
Saint Lucia,March,1120
Saint Lucia,April,759
Saint Lucia,May,2715
Saint Lucia,June,1621
Saint Lucia,July,320
Saint Lucia,August,2610
Saint Lucia,September,3241
Saint Lucia,October,1151
Saint Lucia,November,622
Saint Lucia,December,664
Saint Vincent and the Grenadines,January,2833
Saint Vincent and the Grenadines,February,1061
Saint Vincent and the Grenadines,March,219
Saint Vincent and the Grenadines,April,215
Saint Vincent and the Grenadines,May,432
Saint Vincent and the Grenadines,June,561
Saint Vincent and the Grenadines,July,91
Saint Vincent and the Grenadines,August,51
Saint Vincent and the Grenadines,September,1176
Saint Vincent and the Grenadines,October,1497
Saint Vincent and the Grenadines,November,541
Saint Vincent and the Grenadines,December,361
Samoa,January,29
Samoa,February,2
Samoa,March,1680
Samoa,April,7879
Samoa,May,3907
Samoa,June,1407
Samoa,July,0
Samoa,August,0
Samoa,September,0
Samoa,October,0
Samoa,November,2
Samoa,December,0
San Marino,January,5374
San Marino,February,2177
San Marino,March,2227
San Marino,April,1747
San Marino,May,841
San Marino,June,671
San Marino,July,54
San Marino,August,207
San Marino,September,123
San Marino,October,316
San Marino,November,1143
San Marino,December,2887
Sao Tome and Principe,January,2236
Sao Tome and Principe,February,573
Sao Tome and Principe,March,448
Sao Tome and Principe,April,105
Sao Tome and Principe,May,546
Sao Tome and Principe,June,304
Sao Tome and Principe,July,245
Sao Tome and Principe,August,179
Sao Tome and Principe,September,866
Sao Tome and Principe,October,289
Sao Tome and Principe,November,63
Sao Tome and Principe,December,189
Saudi Arabia,January,136361
Saudi Arabia,February,67072
Saudi Arabia,March,19974
Saudi Arabia,April,51743
Saudi Arabia,May,109649
Saudi Arabia,June,168368
Saudi Arabia,July,123220
Saudi Arabia,August,57455
Saudi Arabia,September,22649
Saudi Arabia,October,14160
Saudi Arabia,November,11213
Saudi Arabia,December,11865
Senegal,January,17327
Senegal,February,8691
Senegal,March,4562
Senegal,April,2499
Senegal,May,3898
Senegal,June,5038
Senegal,July,22601
Senegal,August,13894
Senegal,September,2341
Senegal,October,776
Senegal,November,543
Senegal,December,4119
Serbia,January,435799
Serbia,February,297173
Serbia,March,207829
Serbia,April,126856
Serbia,May,36419
Serbia,June,17394
Serbia,July,16344
Serbia,August,46869
Serbia,September,181201
Serbia,October,214163
Serbia,November,240580
Serbia,December,206979
Seychelles,January,13362
Seychelles,February,3552
Seychelles,March,2615
Seychelles,April,3808
Seychelles,May,7144
Seychelles,June,4926
Seychelles,July,2690
Seychelles,August,1727
Seychelles,September,1445
Seychelles,October,781
Seychelles,November,1194
Seychelles,December,1425
Sierra Leone,January,1541
Sierra Leone,February,336
Sierra Leone,March,103
Sierra Leone,April,204
Sierra Leone,May,831
Sierra Leone,June,2042
Sierra Leone,July,1069
Sierra Leone,August,283
Sierra Leone,September,236
Sierra Leone,October,138
Sierra Leone,November,51
Sierra Leone,December,861
Singapore,January,74356
Singapore,February,372102
Singapore,March,373273
Singapore,April,112829
Singapore,May,129665
Singapore,June,131428
Singapore,July,10700
Singapore,August,7246
Singapore,September,29854
Singapore,October,102103
Singapore,November,66554
Singapore,December,15061
Slovakia,January,359630
Slovakia,February,702714
Slovakia,March,443347
Slovakia,April,132314
Slovakia,May,31403
Slovakia,June,11277
Slovakia,July,2058
Slovakia,August,4948
Slovakia,September,30829
Slovakia,October,144236
Slovakia,November,332798
Slovakia,December,354138
Slovenia,January,291094
Slovenia,February,205407
Slovenia,March,101812
Slovenia,April,67266
Slovenia,May,28446
Slovenia,June,15363
Slovenia,July,2436
Slovenia,August,8710
Slovenia,September,28973
Slovenia,October,71103
Slovenia,November,126555
Slovenia,December,89488
Solomon Islands,January,1159
Solomon Islands,February,5867
Solomon Islands,March,4422
Solomon Islands,April,3317
Solomon Islands,May,3388
Solomon Islands,June,3370
Solomon Islands,July,0
Solomon Islands,August,0
Solomon Islands,September,0
Solomon Islands,October,8
Solomon Islands,November,9
Solomon Islands,December,4
Somalia,January,1926
Somalia,February,3398
Somalia,March,4243
Somalia,April,3188
Somalia,May,2202
Somalia,June,1470
Somalia,July,745
Somalia,August,2161
Somalia,September,2792
Somalia,October,2371
Somalia,November,1528
Somalia,December,779
South Africa,January,543536
South Africa,February,128452
South Africa,March,81028
South Africa,April,109519
South Africa,May,278095
South Africa,June,462108
South Africa,July,815456
South Africa,August,464063
South Africa,September,172311
South Africa,October,70557
South Africa,November,110488
South Africa,December,757391
South Sudan,January,1923
South Sudan,February,4176
South Sudan,March,2528
South Sudan,April,652
South Sudan,May,1220
South Sudan,June,1264
South Sudan,July,530
South Sudan,August,592
South Sudan,September,751
South Sudan,October,552
South Sudan,November,601
South Sudan,December,2933
Spain,January,4481362
Spain,February,1461750
Spain,March,722463
Spain,April,745079
Spain,May,610469
Spain,June,548136
Spain,July,677335
Spain,August,582357
Spain,September,410356
Spain,October,468547
Spain,November,615545
Spain,December,1410639
Sri Lanka,January,44799
Sri Lanka,February,53786
Sri Lanka,March,25351
Sri Lanka,April,17691
Sri Lanka,May,79660
Sri Lanka,June,73403
Sri Lanka,July,50491
Sri Lanka,August,131724
Sri Lanka,September,77406
Sri Lanka,October,30979
Sri Lanka,November,36240
Sri Lanka,December,42568
Sudan,January,14994
Sudan,February,4793
Sudan,March,1990
Sudan,April,2641
Sudan,May,6214
Sudan,June,5931
Sudan,July,2687
Sudan,August,2181
Sudan,September,1031
Sudan,October,2308
Sudan,November,6892
Sudan,December,10889
Summer Olympics 2020,January,0
Summer Olympics 2020,February,0
Summer Olympics 2020,March,0
Summer Olympics 2020,April,0
Summer Olympics 2020,May,0
Summer Olympics 2020,June,6
Summer Olympics 2020,July,240
Summer Olympics 2020,August,558
Summer Olympics 2020,September,61
Summer Olympics 2020,October,0
Summer Olympics 2020,November,0
Summer Olympics 2020,December,0
Suriname,January,23551
Suriname,February,4938
Suriname,March,1207
Suriname,April,1357
Suriname,May,5815
Suriname,June,7587
Suriname,July,4754
Suriname,August,6326
Suriname,September,13181
Suriname,October,7714
Suriname,November,1938
Suriname,December,2496
Sweden,January,885250
Sweden,February,461052
Sweden,March,199107
Sweden,April,198550
Sweden,May,118960
Sweden,June,58601
Sweden,July,19202
Sweden,August,34076
Sweden,September,34557
Sweden,October,50118
Sweden,November,152121
Sweden,December,304175
Switzerland,January,956948
Switzerland,February,615042
Switzerland,March,758327
Switzerland,April,193930
Switzerland,May,91430
Switzerland,June,93860
Switzerland,July,18179
Switzerland,August,68946
Switzerland,September,71802
Switzerland,October,133164
Switzerland,November,314925
Switzerland,December,443177
Syria,January,3738
Syria,February,4713
Syria,March,4451
Syria,April,3975
Syria,May,1920
Syria,June,1210
Syria,July,926
Syria,August,3960
Syria,September,7725
Syria,October,10469
Syria,November,7183
Syria,December,5655
Taiwan*,January,1882
Taiwan*,February,1772
Taiwan*,March,3263
Taiwan*,April,92694
Taiwan*,May,1924496
Taiwan*,June,1659653
Taiwan*,July,890
Taiwan*,August,342
Taiwan*,September,254
Taiwan*,October,230
Taiwan*,November,309
Taiwan*,December,552
Tajikistan,January,262
Tajikistan,February,80
Tajikistan,March,0
Tajikistan,April,0
Tajikistan,May,3807
Tajikistan,June,2284
Tajikistan,July,3043
Tajikistan,August,2954
Tajikistan,September,1408
Tajikistan,October,1253
Tajikistan,November,1185
Tajikistan,December,1510
Tanzania,January,3924
Tanzania,February,390
Tanzania,March,214
Tanzania,April,518
Tanzania,May,1511
Tanzania,June,12
Tanzania,July,508
Tanzania,August,350
Tanzania,September,24479
Tanzania,October,308
Tanzania,November,116
Tanzania,December,3036
Thailand,January,236442
Thailand,February,451155
Thailand,March,769320
Thailand,April,643351
Thailand,May,287302
Thailand,June,162230
Thailand,July,338125
Thailand,August,607544
Thailand,September,398898
Thailand,October,308765
Thailand,November,204066
Thailand,December,110449
Timor-Leste,January,135
Timor-Leste,February,2790
Timor-Leste,March,629
Timor-Leste,April,1730
Timor-Leste,May,4768
Timor-Leste,June,2267
Timor-Leste,July,1676
Timor-Leste,August,5787
Timor-Leste,September,2817
Timor-Leste,October,294
Timor-Leste,November,33
Timor-Leste,December,28
Togo,January,7769
Togo,February,2134
Togo,March,3523
Togo,April,2846
Togo,May,935
Togo,June,925
Togo,July,2172
Togo,August,5922
Togo,September,4552
Togo,October,1197
Togo,November,829
Togo,December,4557
Tonga,January,0
Tonga,February,354
Tonga,March,6068
Tonga,April,3773
Tonga,May,1448
Tonga,June,657
Tonga,July,0
Tonga,August,0
Tonga,September,0
Tonga,October,1
Tonga,November,0
Tonga,December,0
Trinidad and Tobago,January,20064
Trinidad and Tobago,February,16367
Trinidad and Tobago,March,10493
Trinidad and Tobago,April,12834
Trinidad and Tobago,May,26803
Trinidad and Tobago,June,14213
Trinidad and Tobago,July,6057
Trinidad and Tobago,August,7626
Trinidad and Tobago,September,8634
Trinidad and Tobago,October,7781
Trinidad and Tobago,November,15009
Trinidad and Tobago,December,21019
Tunisia,January,252852
Tunisia,February,112809
Tunisia,March,58789
Tunisia,April,60010
Tunisia,May,39117
Tunisia,June,78557
Tunisia,July,169823
Tunisia,August,76737
Tunisia,September,57766
Tunisia,October,46957
Tunisia,November,41781
Tunisia,December,51505
Turkey,January,2406143
Turkey,February,2693699
Turkey,March,1400229
Turkey,April,1781615
Turkey,May,513205
Turkey,June,236161
Turkey,July,332360
Turkey,August,700546
Turkey,September,814269
Turkey,October,935622
Turkey,November,1026080
Turkey,December,2256767
US,January,26410722
US,February,6364850
US,March,3063005
US,April,4026065
US,May,4508090
US,June,4239614
US,July,3222612
US,August,5781976
US,September,5340393
US,October,4426715
US,November,7018723
US,December,12814907
Uganda,January,25465
Uganda,February,2246
Uganda,March,1152
Uganda,April,1217
Uganda,May,5897
Uganda,June,36447
Uganda,July,14215
Uganda,August,27806
Uganda,September,8814
Uganda,October,6965
Uganda,November,9343
Uganda,December,27944
Ukraine,January,582529
Ukraine,February,919294
Ukraine,March,330146
Ukraine,April,408802
Ukraine,May,150095
Ukraine,June,60784
Ukraine,July,59458
Ukraine,August,103883
Ukraine,September,239051
Ukraine,October,709691
Ukraine,November,901527
Ukraine,December,575258
United Arab Emirates,January,178912
United Arab Emirates,February,122847
United Arab Emirates,March,81890
United Arab Emirates,April,77880
United Arab Emirates,May,82310
United Arab Emirates,June,110229
United Arab Emirates,July,59790
United Arab Emirates,August,47237
United Arab Emirates,September,41581
United Arab Emirates,October,42352
United Arab Emirates,November,38367
United Arab Emirates,December,58858
United Kingdom,January,5751949
United Kingdom,February,1950971
United Kingdom,March,2498576
United Kingdom,April,1116446
United Kingdom,May,422779
United Kingdom,June,710262
United Kingdom,July,1085742
United Kingdom,August,971194
United Kingdom,September,1140308
United Kingdom,October,1815619
United Kingdom,November,1803801
United Kingdom,December,3587918
Uruguay,January,277661
Uruguay,February,190293
Uruguay,March,93366
Uruguay,April,103116
Uruguay,May,124165
Uruguay,June,106812
Uruguay,July,12495
Uruguay,August,3748
Uruguay,September,4445
Uruguay,October,6049
Uruguay,November,8529
Uruguay,December,26950
Uzbekistan,January,25756
Uzbekistan,February,14612
Uzbekistan,March,4459
Uzbekistan,April,10653
Uzbekistan,May,11543
Uzbekistan,June,16763
Uzbekistan,July,34156
Uzbekistan,August,44951
Uzbekistan,September,32325
Uzbekistan,October,22283
Uzbekistan,November,13407
Uzbekistan,December,9661
Vanuatu,January,0
Vanuatu,February,11
Vanuatu,March,3363
Vanuatu,April,3952
Vanuatu,May,1758
Vanuatu,June,2118
Vanuatu,July,0
Vanuatu,August,0
Vanuatu,September,0
Vanuatu,October,2
Vanuatu,November,1
Vanuatu,December,1
Venezuela,January,54708
Venezuela,February,41339
Venezuela,March,26765
Venezuela,April,39336
Venezuela,May,38988
Venezuela,June,45042
Venezuela,July,45796
Venezuela,August,56731
Venezuela,September,63019
Venezuela,October,55074
Venezuela,November,34526
Venezuela,December,24503
Vietnam,January,544824
Vietnam,February,1168403
Vietnam,March,6121475
Vietnam,April,1085583
Vietnam,May,74132
Vietnam,June,35122
Vietnam,July,133211
Vietnam,August,312522
Vietnam,September,328709
Vietnam,October,130453
Vietnam,November,317127
Vietnam,December,493293
West Bank and Gaza,January,75926
West Bank and Gaza,February,145881
West Bank and Gaza,March,68663
West Bank and Gaza,April,55644
West Bank and Gaza,May,12637
West Bank and Gaza,June,9945
West Bank and Gaza,July,11980
West Bank and Gaza,August,36436
West Bank and Gaza,September,78604
West Bank and Gaza,October,62902
West Bank and Gaza,November,39183
West Bank and Gaza,December,62052
Winter Olympics 2022,January,248
Winter Olympics 2022,February,273
Winter Olympics 2022,March,14
Winter Olympics 2022,April,0
Winter Olympics 2022,May,0
Winter Olympics 2022,June,0
Winter Olympics 2022,July,0
Winter Olympics 2022,August,0
Winter Olympics 2022,September,0
Winter Olympics 2022,October,0
Winter Olympics 2022,November,0
Winter Olympics 2022,December,0
Yemen,January,915
Yemen,February,916
Yemen,March,2107
Yemen,April,1978
Yemen,May,746
Yemen,June,1015
Yemen,July,711
Yemen,August,1038
Yemen,September,1274
Yemen,October,753
Yemen,November,227
Yemen,December,144
Zambia,January,84265
Zambia,February,32020
Zambia,March,14019
Zambia,April,5983
Zambia,May,6813
Zambia,June,63941
Zambia,July,45237
Zambia,August,16645
Zambia,September,5381
Zambia,October,2361
Zambia,November,1650
Zambia,December,47183
Zimbabwe,January,35929
Zimbabwe,February,9415
Zimbabwe,March,10707
Zimbabwe,April,2996
Zimbabwe,May,5365
Zimbabwe,June,14301
Zimbabwe,July,61574
Zimbabwe,August,19241
Zimbabwe,September,7388
Zimbabwe,October,2686
Zimbabwe,November,3231
Zimbabwe,December,82550
